period,n,events,roc_auc,pr_auc,precision_at_10,recall_at_10,lift_at_10
January-February 2026,9253,1104,0.6505989109537758,0.20414807535028723,0.2505399568034557,0.21014492753623187,2.09986070679563
