bootstrap_type,precision10_low,precision10_median,precision10_high,lift10_low,lift10_median,lift10_high
individual,0.2203023758099352,0.24946004319654427,0.2786177105831533,1.8659924209093992,2.089244738819109,2.310290283945687
