test_month,status,n,events,prevalence,rf_roc_auc,rf_pr_auc,rf_precision_at_10,rf_recall_at_10,rf_lift_at_10,rule_precision_at_10,rule_recall_at_10,rule_lift_at_10
2026-01,ok,4683,551,0.11765961990177237,0.6403614918224895,0.20067847795020882,0.255863539445629,0.2177858439201452,2.174607904217569,0.23880597014925373,0.20326678765880218,2.029634043936398
2026-02,ok,4570,553,0.12100656455142232,0.6605903211531822,0.2088119577310056,0.24288840262582057,0.2007233273056058,2.0072332730560576,0.2210065645514223,0.18264014466546113,1.8264014466546112
2026-03,no usable observations in analytic holdout,0,0,,,,,,,,,
