period,planned_outcome_eligible_n,commute_time_nonmissing_n,complete_case_association_n,complete_case_retention
2025-07,4570,0,0,0.0
2025-08,4990,0,0,0.0
2025-09,4835,4008,3985,0.8241985522233712
2025-10,4906,4077,4058,0.827150428047289
2025-11,4284,3581,3564,0.8319327731092437
2025-12,4596,3768,3748,0.8154917319408181
2026-01,4683,0,0,0.0
2026-02,4570,0,0,0.0
